t,rho_lower,rho_upper
0.0,0.07000000000000006,0.1100000000000001
0.25014519691467285,-0.02017957171103779,0.019820428288962244
0.5000503063201904,-0.04660013180104916,-0.006600131801049125
0.749565601348877,-0.10178108699748645,-0.06178108699748641
1.0004651546478271,-0.1338365608340062,-0.09383656083400616
1.2502400875091553,-0.13091211343492803,-0.090912113434928
1.5002257823944092,-0.12650119198777032,-0.08650119198777029
1.7499926090240479,-0.1632726861022955,-0.12327268610229547
1.998548984527588,-0.23493649064387556,-0.19493649064387553
2.2501304149627686,-0.31041539796354956,-0.2704153979635495
2.5001718997955322,-0.265568495485377,-0.22556849548537694
2.7504608631134033,-0.18108651392687536,-0.14108651392687532
2.9998857975006104,-0.08550568412764159,-0.045505684127641555
3.249783992767334,0.01761840444812912,0.05761840444812916
3.499945878982544,0.11356107404349314,0.15356107404349317
3.7500526905059814,0.19488630320874667,0.2348863032087467
4.000080823898315,0.26242618915894633,0.30242618915894637
4.250044107437134,0.333686010376949,0.37368601037694904
4.500211954116821,0.4208365872944013,0.46083658729440136
4.749955654144287,0.4843421380538677,0.5243421380538678
5.000347852706909,0.5388761781207279,0.5788761781207279
5.250119924545288,0.5642424427232338,0.6042424427232336
5.50004506111145,0.5909983317588854,0.6309983317588854
5.750075340270996,0.6335956135751564,0.6735956135751564
6.000014781951904,0.6742893517439008,0.7142893517439008
6.250269174575806,0.7103903355061127,0.7503903355061128
6.499224901199341,0.7135585957171051,0.7535585957171052
6.750051736831665,0.7135585957171051,0.7535585957171052
6.999957799911499,0.7135585957171051,0.7535585957171052
7.249802350997925,0.7135585957171051,0.7535585957171052
7.5003883838653564,0.7135585957171051,0.7535585957171052
7.749906539916992,0.7135585957171051,0.7535585957171052
7.999831676483154,0.7135585957171051,0.7535585957171052
8.249800682067871,0.7135585957171051,0.7535585957171052
8.499906063079834,0.7135585957171051,0.7535585957171052
8.749954462051392,0.7135585957171051,0.7535585957171052
9.0000319480896,0.7135585957171051,0.7535585957171052
9.250078678131104,0.7135585957171051,0.7535585957171052
9.500312328338623,0.7370047481870114,0.7770047481870115
9.74983811378479,0.7334918882293746,0.7734918882293746
10.000128984451294,0.7300314722795529,0.7700314722795529
10.249816656112671,0.7464765799547062,0.7864765799547062
10.500024318695068,0.768031615541618,0.8080316155416181
10.750200271606445,0.7694286436711197,0.8094286436711198
11.000685453414917,0.7493613000834405,0.7893613000834405
11.250259160995483,0.7135585957171051,0.7535585957171052
11.49982237815857,0.6987939757908739,0.7387939757908739
11.749746561050415,0.6872455163925062,0.7272455163925062
12.000607013702393,0.6868698955697232,0.7268698955697233
12.249882698059082,0.6454981967737947,0.6854981967737948
12.499681234359741,0.5956120496590322,0.6356120496590323
12.749857425689697,0.5550585213345298,0.5950585213345299
12.99997353553772,0.5269643121191876,0.5669643121191876
13.249768733978271,0.5035831541968869,0.543583154196887
13.499990463256836,0.4670333295514637,0.5070333295514637
13.749661207199097,0.41271482560473527,0.4527148256047353
14.000416994094849,0.3625202749478693,0.40252027494786935
14.250287294387817,0.31335963147580004,0.3533596314758001
14.500188827514648,0.27314335931510225,0.3131433593151023
14.749834060668945,0.22737799768476186,0.2673779976847619
14.999822616577148,0.18213413189250982,0.22213413189250986
15.250032901763916,0.13658887785639728,0.17658887785639732
15.499506711959839,0.09169606969546606,0.1316960696954661
15.74992036819458,0.05329473364629833,0.09329473364629837
16.000301122665405,0.022314457918864328,0.06231445791886436
16.249852895736694,-0.0006921929738432642,0.03930780702615677
16.5003662109375,-0.0335413334560124,0.0064586665439876345
16.75000786781311,-0.06249059371511412,-0.022490593715114082
17.000231504440308,-0.06319744173259711,-0.02319744173259708
17.250164031982422,-0.04386787901663669,-0.003867879016636655
17.499908208847046,-0.029531051060791125,0.01046894893920891
17.749772548675537,-0.022160007617931576,0.01783999238206846
17.999780654907227,-0.0019685963849815913,0.038031403615018444
18.25011420249939,0.025609758496879964,0.06560975849688
18.500025510787964,0.059606290736649914,0.09960629073664995
18.749972343444824,0.08740350930178953,0.12740350930178956
18.999886989593506,0.11105533332507544,0.15105533332507548
19.249794483184814,0.13617186948907323,0.17617186948907326
19.49990439414978,0.16668957170681398,0.206689571706814
19.749922037124634,0.19300940612912476,0.2330094061291248
19.999889612197876,0.21294550037914872,0.25294550037914876
20.249807357788086,0.23466992890293348,0.2746699289029335
20.499871253967285,0.2590847159191474,0.2990847159191474
20.749788761138916,0.2718986282568969,0.31189862825689696
21.00005865097046,0.2920338314423643,0.3320338314423643
21.250051259994507,0.3082991994404063,0.3482991994404063
21.499895334243774,0.3210866037162017,0.3610866037162017
21.749919176101685,0.32232753546161685,0.3623275354616169
21.9999418258667,0.32232753546161685,0.3623275354616169
22.249625205993652,0.32232753546161685,0.3623275354616169
22.500102043151855,0.32232753546161685,0.3623275354616169
22.7499840259552,0.32232753546161685,0.3623275354616169
22.999749183654785,0.32232753546161685,0.3623275354616169
23.250591278076172,0.32232753546161685,0.3623275354616169
23.498510599136353,0.32232753546161685,0.3623275354616169
23.749762058258057,0.32232753546161685,0.3623275354616169
23.999835968017578,0.32232753546161685,0.3623275354616169
24.25010871887207,0.32232753546161685,0.3623275354616169
24.499577522277832,0.32232753546161685,0.3623275354616169
24.74983310699463,0.3245338426426616,0.36453384264266164
24.999853134155273,0.3266248153627376,0.3666248153627376
25.24982261657715,0.3342641012661898,0.3742641012661898
25.49994397163391,0.340005742538267,0.380005742538267
25.74981689453125,0.3457655555731789,0.38576555557317893
25.999829530715942,0.3372248479834745,0.37722484798347455
26.24969720840454,0.3291009969567644,0.36910099695676446
26.499775886535645,0.32232753546161685,0.3623275354616169
26.749884843826294,0.32032429052233535,0.3603242905223354
27.00002145767212,0.3082400560325227,0.3482400560325227
27.250152587890625,0.2981701951964706,0.3381701951964706
27.499751567840576,0.2864039888383305,0.32640398883833055
27.749822854995728,0.26855358286867315,0.3085535828686732
27.999492168426514,0.2584246908596839,0.2984246908596839
28.24985980987549,0.24977097573589302,0.28977097573589305
28.499860286712646,0.23475128024490144,0.2747512802449015
28.75063467025757,0.21532514196729458,0.2553251419672946
29.000006437301636,0.19734321170567992,0.23734321170567996
29.250256061553955,0.18116656052089586,0.2211665605208959
29.50040078163147,0.16279060981172533,0.20279060981172536
29.75021457672119,0.09460554858497394,0.13460554858497398
29.99985098838806,0.01899493226502824,0.05899493226502828
30.249387979507446,-0.00702403872790569,0.032975961272094345
30.500383138656616,-0.005099492545064255,0.03490050745493578
30.750009298324585,-0.023824415260926823,0.016175584739073212
30.999862670898438,-0.0781674359443647,-0.03816743594436467
31.25049901008606,-0.15551163563389547,-0.11551163563389544
31.500079870224,-0.22655724565000468,-0.18655724565000464
31.750190496444702,-0.26900942789426097,-0.22900942789426093
31.99976873397827,-0.30788516798173693,-0.2678851679817369
32.2499942779541,-0.3637472176117369,-0.32374721761173686
32.49995541572571,-0.44208667840090743,-0.4020866784009074
32.74870991706848,-0.5236950130480165,-0.48369501304801643
33.000401973724365,-0.5129671881557589,-0.4729671881557589
33.249953269958496,-0.4613881826361208,-0.42138818263612077
33.50036263465881,-0.40699324904850576,-0.3669932490485057
33.74957060813904,-0.3536954387887885,-0.31369543878878847
34.00138545036316,-0.3099360637023243,-0.26993606370232426
34.25021266937256,-0.2787477982942921,-0.23874779829429205
34.50001311302185,-0.24646724052317714,-0.2064672405231771
34.74997329711914,-0.21044609840459572,-0.17044609840459568
34.99996304512024,-0.1711901983511912,-0.13119019835119117
35.24984335899353,-0.1419262300008488,-0.10192623000084877
35.49996209144592,-0.13311075763600133,-0.0931107576360013
35.749890089035034,-0.13311075763600133,-0.0931107576360013
35.99967074394226,-0.11371267577528577,-0.07371267577528573
36.250163316726685,-0.08132099598827458,-0.041320995988274545
36.49997591972351,-0.04676562197606082,-0.006765621976060787
36.750226736068726,-0.033010819520737034,0.006989180479263002
37.00016951560974,-0.028243469420412337,0.011756530579587698
37.24993562698364,-0.028243469420412337,0.011756530579587698
37.50005292892456,-0.028243469420412337,0.011756530579587698
37.74984812736511,-0.028243469420412337,0.011756530579587698
37.99984812736511,-0.028243469420412337,0.011756530579587698
38.24963450431824,-0.028243469420412337,0.011756530579587698
38.50013208389282,-0.028243469420412337,0.011756530579587698
38.749979972839355,-0.028243469420412337,0.011756530579587698
39.000120401382446,-0.028243469420412337,0.011756530579587698
39.249770641326904,-0.028243469420412337,0.011756530579587698
39.50076770782471,-0.028243469420412337,0.011756530579587698
39.750144720077515,-0.028243469420412337,0.011756530579587698
39.99984383583069,-0.025513581815684194,0.014486418184315841
40.24979066848755,-0.021349062540764407,0.018650937459235628
40.499948024749756,0.004655985031765786,0.04465598503176582
40.750282526016235,0.028227809946184346,0.06822780994618438
40.99986743927002,0.04060137415232634,0.08060137415232638
41.25056743621826,0.013225322540583173,0.05322532254058321
41.500035762786865,-0.016943620963747463,0.023056379036252572
41.75061798095703,-0.028243469420412337,0.011756530579587698
41.999871015548706,-0.08005847476638994,-0.04005847476638991
42.25002646446228,-0.12399614578576346,-0.08399614578576342
42.50012469291687,-0.15822463376753593,-0.11822463376753589
42.750088930130005,-0.1482056792651285,-0.10820567926512847
43.000006437301636,-0.15326559447342114,-0.1132655944734211
43.25027918815613,-0.2082253785253616,-0.16822537852536157
43.50006365776062,-0.3213679391546935,-0.2813679391546935
43.74996852874756,-0.4032180715592706,-0.36321807155927055
43.99861741065979,-0.4417779184053421,-0.40177791840534205
44.24983239173889,-0.46394527344618397,-0.42394527344618393
44.499897480010986,-0.5167730868967668,-0.4767730868967668
44.75020790100098,-0.6191199206511989,-0.5791199206511989
45.00054430961609,-0.7171860439450978,-0.6771860439450977
45.24990916252136,-0.6854811417742128,-0.6454811417742128
45.499903202056885,-0.6428607590300022,-0.6028607590300021
45.749839782714844,-0.5816367534256938,-0.5416367534256937
46.000189781188965,-0.5106861817945123,-0.47068618179451227
46.24973917007446,-0.4503605847874591,-0.41036058478745907
46.49980092048645,-0.40054625974204283,-0.3605462597420428
46.74989557266235,-0.34654924593237957,-0.30654924593237953
46.99995493888855,-0.27801382223672677,-0.23801382223672674
47.24992799758911,-0.20637971122601528,-0.16637971122601525
47.50024771690369,-0.14040217568841373,-0.1004021756884137
47.750699043273926,-0.08556852908604529,-0.04556852908604525
48.00023555755615,-0.03705883806370047,0.0029411619362995634
48.2508020401001,0.010225667868031252,0.05022566786803129
48.49947714805603,0.058749606769270324,0.09874960676927036
48.75082612037659,0.09504886637093124,0.13504886637093128
49.00019431114197,0.12163403345706336,0.1616340334570634
49.25008988380432,0.1447579974097155,0.18475799740971555
49.50009894371033,0.15896811914453668,0.19896811914453671
49.74992609024048,0.1766459789220869,0.21664597892208692
50.000093936920166,0.1766459789220869,0.21664597892208692
50.25018668174744,0.1766459789220869,0.21664597892208692
50.50091314315796,0.1766459789220869,0.21664597892208692
50.75013279914856,0.1766459789220869,0.21664597892208692
51.00055146217346,0.1766459789220869,0.21664597892208692
51.249555587768555,0.1766459789220869,0.21664597892208692
51.49984359741211,0.1766459789220869,0.21664597892208692
51.749995708465576,0.1766459789220869,0.21664597892208692
52.00019335746765,0.1766459789220869,0.21664597892208692
52.25008940696716,0.1766459789220869,0.21664597892208692
52.49987292289734,0.1766459789220869,0.21664597892208692
52.750081300735474,0.19019244105371635,0.2301924410537164
52.99987530708313,0.21212920126446844,0.25212920126446847
53.25042366981506,0.22273485634976442,0.26273485634976446
53.500386476516724,0.22053015905123297,0.260530159051233
53.75056314468384,0.21386573319801605,0.2538657331980161
53.999961376190186,0.20550723270679794,0.24550723270679797
54.248541593551636,0.19482154357780224,0.23482154357780227
54.49965524673462,0.1766459789220869,0.21664597892208692
54.749890089035034,0.1441793926636501,0.18417939266365013
55.000832080841064,0.11060693890154627,0.1506069389015463
55.24973201751709,0.08437608018976062,0.12437608018976065
55.500001430511475,0.06412748987835082,0.10412748987835085
55.74992609024048,0.026684297807000545,0.06668429780700058
56.00025224685669,-0.0606023047011619,-0.020602304701161867
56.2496976852417,-0.15909934985564278,-0.11909934985564274
56.50073432922363,-0.20007879868957734,-0.1600787986895773
56.7501003742218,-0.19036868335524693,-0.1503686833552469
56.99977207183838,-0.21689550095012056,-0.17689550095012052
57.249956130981445,-0.30475124573585677,-0.26475124573585673
57.50028038024902,-0.42607820055100976,-0.3860782005510097
57.750699043273926,-0.4958168259472089,-0.45581682594720885
58.00040578842163,-0.41603703600042463,-0.3760370360004246
58.25047063827515,-0.32637855470812127,-0.28637855470812124
58.50041484832764,-0.24057514009326564,-0.2005751400932656
58.750061988830566,-0.1623668490450314,-0.12236684904503137
59.0009663105011,-0.10421052626452743,-0.06421052626452739
59.249889850616455,-0.0807791817675747,-0.04077918176757467
59.49896574020386,-0.04205113388610715,-0.002051133886107115
59.74990749359131,0.011331413530072387,0.05133141353007242
60.000338315963745,0.07402924641199382,0.11402924641199386
60.24988913536072,0.1457070924130517,0.18570709241305172
60.499852418899536,0.22676762698503827,0.2667676269850383
60.749961137771606,0.29343465535381563,0.33343465535381567
61.00028872489929,0.3640828776092415,0.40408287760924155
61.250216484069824,0.4425788149246408,0.48257881492464083
61.500126123428345,0.5183278421912147,0.5583278421912148
61.74980974197388,0.5698408034169227,0.6098408034169227
62.00005602836609,0.6122745830736112,0.6522745830736112
62.25017309188843,0.6122745830736112,0.6522745830736112
62.49995231628418,0.6122745830736112,0.6522745830736112
62.75011587142944,0.6122745830736112,0.6522745830736112
63.00016665458679,0.6122745830736112,0.6522745830736112
63.25027370452881,0.6122745830736112,0.6522745830736112
63.499900102615356,0.6122745830736112,0.6522745830736112
63.750004053115845,0.6122745830736112,0.6522745830736112
63.999895334243774,0.6122745830736112,0.6522745830736112
64.25041770935059,0.6122745830736112,0.6522745830736112
64.50053453445435,0.6122745830736112,0.6522745830736112
64.74987506866455,0.6122745830736112,0.6522745830736112
64.99988460540771,0.6122745830736112,0.6522745830736112
65.25027418136597,0.6385175011536208,0.6785175011536209
65.49865984916687,0.6496865014127764,0.6896865014127764
65.75010895729065,0.6623463124546822,0.7023463124546823
66.0001118183136,0.658121864260927,0.698121864260927
66.24989151954651,0.6508166977600822,0.6908166977600823
66.50036454200745,0.6293659582316689,0.6693659582316689
66.75056862831116,0.6188982903848566,0.6588982903848566
67.00056552886963,0.5703514715410203,0.6103514715410203
67.24995565414429,0.5399985716723184,0.5799985716723184
67.50050806999207,0.5169013654429846,0.5569013654429846
67.7494444847107,0.47511407313127174,0.5151140731312718
68.00023794174194,0.43526457710421695,0.475264577104217
68.25018835067749,0.3922911930480124,0.43229119304801245
68.50037455558777,0.3466902874498192,0.38669028744981926
68.75064086914062,0.32068478753604746,0.3606847875360475
69.00047492980957,0.29449100078873713,0.33449100078873717
69.2499053478241,0.27870861519661205,0.3187086151966121
69.4998893737793,0.2657167875204527,0.3057167875204527
69.75030255317688,0.24920786952652363,0.28920786952652366
69.99989748001099,0.23906232863204901,0.27906232863204905
70.24993848800659,0.23035262806792023,0.27035262806792026
70.49990892410278,0.22484329860241714,0.2648432986024172
70.74994897842407,0.21697245919313124,0.2569724591931313
71.00018358230591,0.21869428611180752,0.25869428611180756
71.2501449584961,0.2144361058529638,0.25443610585296383
71.50005841255188,0.21069066727948105,0.2506906672794811
71.75025582313538,0.21659785465200554,0.2565978546520056
72.000173330307,0.2177899372355323,0.25778993723553234
72.24939560890198,0.222965532116137,0.26296553211613705
72.49976062774658,0.22554848174489117,0.2655484817448912
72.74990773200989,0.21781482031254829,0.2578148203125483
72.99998021125793,0.209554972611945,0.24955497261194504
73.2499041557312,0.21541697906067747,0.2554169790606775
73.50129127502441,0.22065015029755997,0.26065015029756
73.74994254112244,0.21819419853193622,0.25819419853193626
74.00009036064148,0.21444186185786163,0.25444186185786166
74.2502510547638,0.21061938403122693,0.25061938403122697
74.50043725967407,0.19038328078441968,0.23038328078441972
74.74944615364075,0.20456293756173416,0.2445629375617342
75.00050115585327,0.20245775910632413,0.24245775910632417
75.25011372566223,0.19947071316533882,0.23947071316533886
75.50031185150146,0.18632897467572573,0.22632897467572577
75.7486343383789,0.18026289254868955,0.22026289254868958
76.00065064430237,0.1806811735981786,0.22068117359817863
76.25002670288086,0.11791207078821997,0.15791207078822
76.50001668930054,0.06771279657159646,0.10771279657159649
76.75003027915955,0.05829550704353248,0.09829550704353252
77.0003502368927,0.07869312906901671,0.11869312906901675
77.2502830028534,0.07613551193528156,0.1161355119352816
77.50016236305237,0.024386700355788937,0.06438670035578897
77.75002551078796,-0.07345468122564669,-0.033454681225646654
77.99994134902954,-0.11664617043675651,-0.07664617043675648
78.25039434432983,-0.033652552188920826,0.00634744781107921
78.50031304359436,0.03885267604797238,0.07885267604797241
78.75020360946655,0.12332515920919107,0.1633251592091911
79.00019145011902,0.21483396179706027,0.2548339617970603
79.24982023239136,0.30435074572126664,0.34435074572126667
79.50012826919556,0.3647288604641956,0.40472886046419565
79.74979424476624,0.402054988975586,0.44205498897558604
80.00070834159851,0.43414743317288185,0.4741474331728819
80.25003457069397,0.48961646380562174,0.5296164638056218
80.50029587745667,0.5438509419040989,0.5838509419040989
80.74997544288635,0.5908964501326424,0.6308964501326424
80.99993944168091,0.6178035440464791,0.6578035440464791
81.25031566619873,0.6276182342724776,0.6676182342724777
81.50093221664429,0.6455693319229294,0.6855693319229295
81.75008296966553,0.6794059980421385,0.7194059980421386
82.00002908706665,0.6794059980421385,0.7194059980421386
82.24994730949402,0.6794059980421385,0.7194059980421386
82.50042176246643,0.6794059980421385,0.7194059980421386
82.7499589920044,0.6794059980421385,0.7194059980421386
83.00019097328186,0.6794059980421385,0.7194059980421386
83.24990510940552,0.6794059980421385,0.7194059980421386
83.50022268295288,0.6794059980421385,0.7194059980421386
83.74990391731262,0.6794059980421385,0.7194059980421386
83.9998722076416,0.6794059980421385,0.7194059980421386
84.25009250640869,0.6794059980421385,0.7194059980421386
84.49976706504822,0.6794059980421385,0.7194059980421386
84.74941182136536,0.6794059980421385,0.7194059980421386
84.99994993209839,0.7033974663378186,0.7433974663378187
85.24988412857056,0.7019276106841412,0.7419276106841413
85.50013542175293,0.6973212483044062,0.7373212483044063
85.75005555152893,0.6987445130558412,0.7387445130558412
85.99905133247375,0.7030597342575644,0.7430597342575644
86.25039482116699,0.705644296375209,0.745644296375209
86.5011191368103,0.687964290201857,0.727964290201857
86.75106406211853,0.656584307266945,0.6965843072669451
86.99950408935547,0.6239517988132712,0.6639517988132713
87.25035667419434,0.5987123060019843,0.6387123060019844
87.49983406066895,0.5921612817659556,0.6321612817659557
87.75140380859375,0.5754657857758854,0.6154657857758854
88.00002908706665,0.5440795210882918,0.5840795210882919
88.2504334449768,0.5002942800076882,0.5402942800076882
88.50040459632874,0.45640285392328805,0.4964028539232881
88.75022578239441,0.42212315812609913,0.46212315812609916
89.00029683113098,0.39652747637527996,0.43652747637528
89.25089859962463,0.3621109740181947,0.40211097401819473
89.50065279006958,0.31972027646034173,0.35972027646034177
89.7514808177948,0.27569934300539933,0.31569934300539937
90.00057649612427,0.22735023088044914,0.2673502308804492
90.25011825561523,0.18832424600325304,0.22832424600325307
90.50023436546326,0.1333924519290719,0.17339245192907193
90.75014209747314,0.03390574684642367,0.0739057468464237
91.00056767463684,-0.06646945796612735,-0.02646945796612732
91.24978351593018,-0.12216419023178382,-0.08216419023178378
91.49973011016846,-0.12878357835915577,-0.08878357835915573
91.75051999092102,-0.15224657530846297,-0.11224657530846294
91.99998044967651,-0.23293405185173954,-0.1929340518517395
92.25056266784668,-0.34441892264758356,-0.3044189226475835
92.50002455711365,-0.43434216617614685,-0.3943421661761468
92.7498779296875,-0.4778958305782317,-0.43789583057823167
93.0008430480957,-0.5124171718152554,-0.47241717181525533
93.25023436546326,-0.5797925329156988,-0.5397925329156987
93.50026273727417,-0.6880861503518663,-0.6480861503518662
93.75059843063354,-0.7955004665620601,-0.75550046656206
94.0007712841034,-0.8518454861867703,-0.8118454861867702
94.25005745887756,-0.7902635133015321,-0.7502635133015321
94.50023531913757,-0.7194732853926854,-0.6794732853926854
94.75034976005554,-0.6552259362397482,-0.6152259362397482
95.0000250339508,-0.6010479721108559,-0.5610479721108559
95.24942660331726,-0.5459876926807619,-0.5059876926807618
95.5000593662262,-0.48815364376308,-0.44815364376308
95.75085353851318,-0.4302703077149431,-0.3902703077149432
96.0001425743103,-0.3681623859291647,-0.3281623859291647
96.25024771690369,-0.31205521318735796,-0.2720552131873579
96.50040197372437,-0.2524348371607774,-0.21243483716077738
96.75013470649719,-0.1867292254477333,-0.14672922544773326
97.00017404556274,-0.12036975311776832,-0.08036975311776828
97.25013566017151,-0.04680557888471726,-0.006805578884717223
97.50009632110596,0.009586298713110564,0.0495862987131106
97.75021433830261,0.04466229247573672,0.08466229247573676
97.99998879432678,0.058350105269463715,0.09835010526946375
98.25072360038757,0.09548926561876891,0.13548926561876895
98.5003821849823,0.14746433127212422,0.18746433127212425
98.75012993812561,0.14746433127212422,0.18746433127212425
99.00019812583923,0.14746433127212422,0.18746433127212425
99.25069761276245,0.14746433127212422,0.18746433127212425
99.49956583976746,0.14746433127212422,0.18746433127212425
99.75010371208191,0.14746433127212422,0.18746433127212425
100.00004196166992,0.14746433127212422,0.18746433127212425
100.25042867660522,0.14746433127212422,0.18746433127212425
100.50028014183044,0.14746433127212422,0.18746433127212425
100.75042152404785,0.14746433127212422,0.18746433127212425
101.00042033195496,0.14746433127212422,0.18746433127212425
101.2500855922699,0.14746433127212422,0.18746433127212425
101.50102210044861,0.14854030821156283,0.18854030821156287
101.74957370758057,0.17788388950575107,0.2178838895057511
102.00058913230896,0.16742280942436638,0.20742280942436642
102.25040817260742,0.14746433127212422,0.18746433127212425
102.50031065940857,0.14998991792042737,0.1899899179204274
102.7503936290741,0.1699272688203901,0.20992726882039014
103.00050115585327,0.17828114170369003,0.21828114170369006
103.2500250339508,0.15834453764050616,0.1983445376405062
103.50067067146301,0.10851576162760201,0.14851576162760205
103.75002598762512,0.08208314682423512,0.12208314682423516
103.99944043159485,0.08284193548088359,0.12284193548088362
104.25076198577881,0.07793052467168549,0.11793052467168552
104.49949049949646,0.050378198031372445,0.09037819803137248
104.75001287460327,0.004924449288540966,0.044924449288541
105.00020241737366,-0.03279333381143501,0.007206666188565025
105.25017213821411,-0.05296272108312294,-0.012962721083122908
105.49889016151428,-0.06442065283059462,-0.02442065283059458
105.75029230117798,-0.09099027150975059,-0.05099027150975055
106.00029492378235,-0.0661607163026865,-0.02616071630268646
106.25048160552979,-0.029986896724848444,0.010013103275151591
106.50055718421936,0.005618277403780292,0.04561827740378033
106.75011038780212,0.041023624578125695,0.08102362457812573
107.00007390975952,0.042675692543415744,0.08267569254341578
107.24999618530273,0.042675692543415744,0.08267569254341578
107.50003957748413,0.042675692543415744,0.08267569254341578
107.75038981437683,0.042675692543415744,0.08267569254341578
108.00019025802612,0.042675692543415744,0.08267569254341578
108.2502646446228,0.042675692543415744,0.08267569254341578
108.50021529197693,0.042675692543415744,0.08267569254341578
108.75052547454834,0.042675692543415744,0.08267569254341578
108.99990391731262,0.042675692543415744,0.08267569254341578
109.25070810317993,0.042675692543415744,0.08267569254341578
109.49998354911804,0.042675692543415744,0.08267569254341578
109.750314950943,0.042675692543415744,0.08267569254341578
110.00016069412231,0.060921811422158134,0.10092181142215817
110.25097441673279,0.06866459822102722,0.10866459822102725
110.5002715587616,0.07523402066122165,0.11523402066122168
110.7500069141388,0.07756694434612754,0.11756694434612758
111.0005693435669,0.07329928681413067,0.1132992868141307
111.25045442581177,0.06534350951638435,0.10534350951638438
111.50039863586426,0.05972550011634992,0.09972550011634995
111.75016021728516,0.042675692543415744,0.08267569254341578
111.99966335296631,0.029164086046835846,0.06916408604683588
112.25024795532227,0.0017532804551374515,0.04175328045513749
112.49970149993896,-0.06418494679687492,-0.024184946796874884
112.75110507011414,-0.14617982998531542,-0.10617982998531539
113.00013518333435,-0.19382032772794955,-0.1538203277279495
113.25098371505737,-0.21916826602162032,-0.17916826602162028
113.50016355514526,-0.2746610465436592,-0.23466104654365916
113.7503571510315,-0.3042311957961572,-0.26423119579615717
113.99991917610168,-0.2369580261294888,-0.19695802612948876
114.24971055984497,-0.1895907633683278,-0.14959076336832777
114.50003790855408,-0.13407970175311168,-0.09407970175311164
114.74992036819458,-0.058492594801310194,-0.018492594801310158
114.99999690055847,0.0034219824848367164,0.04342198248483675
115.25047373771667,0.024847366499558765,0.0648473664995588
115.50033283233643,0.024847366499558765,0.0648473664995588
115.7507472038269,0.054355122346987805,0.09435512234698784
116.00015234947205,0.1441378606216399,0.18413786062163995
116.25035381317139,0.2585005825246711,0.29850058252467115
116.50105881690979,0.30865473608403615,0.3486547360840362
116.74998807907104,0.31940857530638134,0.3594085753063814
117.0001266002655,0.35975143005371657,0.3997514300537166
117.24985933303833,0.4374540502305162,0.47745405023051624
117.50078797340393,0.5081191456054701,0.5481191456054701
117.75034236907959,0.5604749060824743,0.6004749060824743
118.00056076049805,0.5604749060824743,0.6004749060824743
118.25014781951904,0.5604749060824743,0.6004749060824743
118.50030589103699,0.5604749060824743,0.6004749060824743
118.75041627883911,0.5604749060824743,0.6004749060824743
119.00072574615479,0.5604749060824743,0.6004749060824743
119.2500262260437,0.5604749060824743,0.6004749060824743
119.5002088546753,0.5604749060824743,0.6004749060824743
119.75004291534424,0.5604749060824743,0.6004749060824743
120.00075078010559,0.5604749060824743,0.6004749060824743
120.25032567977905,0.5604749060824743,0.6004749060824743
120.50070190429688,0.5604749060824743,0.6004749060824743
120.75017809867859,0.5768218599572144,0.6168218599572144
120.99999737739563,0.5796295691072799,0.61962956910728
121.25002789497375,0.5763261527711745,0.6163261527711745
121.50020551681519,0.584861039428257,0.624861039428257
121.7500946521759,0.6184075265462485,0.6584075265462486
122.00018882751465,0.630304275017447,0.670304275017447
122.25208711624146,0.6106218771664069,0.650621877166407
122.50017786026001,0.5604749060824743,0.6004749060824743
122.75007700920105,0.5338956206538781,0.5738956206538781
123.00034284591675,0.5147946391692189,0.5547946391692189
123.2501072883606,0.4948808981918964,0.5348808981918964
123.5001471042633,0.4626320865353981,0.5026320865353981
123.75050830841064,0.40911178733475895,0.449111787334759
124.00022888183594,0.361622080424052,0.401622080424052
124.25030374526978,0.3282379922124825,0.36823799221248255
124.50017428398132,0.3097695550844528,0.34976955508445284
124.74998164176941,0.28453593425526247,0.3245359342552625
124.9993028640747,0.24981766718876908,0.2898176671887691
125.25027894973755,0.20895770707076977,0.2489577070707698
125.50031232833862,0.181585252315958,0.22158525231595805
125.75020694732666,0.1800049922630338,0.22000499226303383
126.0002269744873,0.1800049922630338,0.22000499226303383
126.25012135505676,0.1800049922630338,0.22000499226303383
126.49931693077087,0.18248222357458732,0.22248222357458736
126.75001358985901,0.202821281655984,0.24282128165598404
127.00021862983704,0.202821281655984,0.24282128165598404
127.25015115737915,0.202821281655984,0.24282128165598404
127.50016641616821,0.202821281655984,0.24282128165598404
127.75030398368835,0.202821281655984,0.24282128165598404
128.00023436546326,0.202821281655984,0.24282128165598404
128.25040459632874,0.202821281655984,0.24282128165598404
128.50020956993103,0.202821281655984,0.24282128165598404
128.7499897480011,0.202821281655984,0.24282128165598404
129.00021243095398,0.202821281655984,0.24282128165598404
129.2501585483551,0.202821281655984,0.24282128165598404
129.5003366470337,0.202821281655984,0.24282128165598404
129.75023221969604,0.202821281655984,0.24282128165598404
130.0001344680786,0.22110243565736987,0.2611024356573699
130.25018501281738,0.22251764523022288,0.2625176452302229
130.49983096122742,0.21203269593289398,0.252032695932894
130.75034165382385,0.20568842687129996,0.2456884268713
131.00011372566223,0.21266162743908623,0.25266162743908627
131.2497375011444,0.22079509613002268,0.2607950961300227
131.5002510547638,0.2184277397032297,0.25842773970322974
131.7503056526184,0.1779756248169717,0.21797562481697175
131.9999806880951,0.1621596977413,0.20215969774130005
132.2506172657013,0.167868548140105,0.20786854814010503
132.5004017353058,0.17462850361250903,0.21462850361250907
132.7500605583191,0.15815203478509066,0.1981520347850907
133.00000667572021,0.1361384611406644,0.17613846114066445
133.24977612495422,0.10799959775079548,0.14799959775079552
133.5009469985962,0.08970272510510546,0.1297027251051055
133.7503798007965,0.08195321495409269,0.12195321495409273
134.00001525878906,0.013137468377004913,0.05313746837700495
134.24848580360413,-0.059582861979156077,-0.01958286197915604
134.5001084804535,-0.09714661517061307,-0.057146615170613035
134.75005960464478,-0.07759192758589606,-0.03759192758589602
134.9999577999115,-0.09502462148413637,-0.05502462148413634
135.25020289421082,-0.14154947103542814,-0.10154947103542811
135.5003957748413,-0.19995277222798125,-0.1599527722279812
135.75006699562073,-0.10436129520762227,-0.06436129520762224
136.00005888938904,-0.009075458889598709,0.030924541110401327
136.25016808509827,0.08279726475451477,0.1227972647545148
136.50034880638123,0.18684762455886128,0.22684762455886132
136.7503182888031,0.2980595714309544,0.33805957143095444
136.99931740760803,0.3882111443742511,0.4282111443742511
137.25022339820862,0.4428062707567946,0.4828062707567946
137.50030374526978,0.4848498079178971,0.5248498079178971
137.75019240379333,0.517996583635363,0.5579965836353631
138.00003671646118,0.5629824860880752,0.6029824860880753
138.25022220611572,0.6168307180021879,0.656830718002188
138.50046801567078,0.6717552339860553,0.7117552339860553
138.75021171569824,0.6753587898239479,0.715358789823948
139.0004014968872,0.6753587898239479,0.715358789823948
139.25029945373535,0.6848668338535029,0.7248668338535029
139.50000739097595,0.7062650398388712,0.7462650398388713
139.75018620491028,0.7062650398388712,0.7462650398388713
140.000018119812,0.7062650398388712,0.7462650398388713
140.25012040138245,0.7062650398388712,0.7462650398388713
140.5001995563507,0.7062650398388712,0.7462650398388713
140.75032687187195,0.7062650398388712,0.7462650398388713
141.00046157836914,0.7062650398388712,0.7462650398388713
141.25028276443481,0.7062650398388712,0.7462650398388713
141.4999988079071,0.7062650398388712,0.7462650398388713
141.7499499320984,0.7062650398388712,0.7462650398388713
142.00019693374634,0.7062650398388712,0.7462650398388713
142.25022912025452,0.7062650398388712,0.7462650398388713
142.50019335746765,0.7111500074742179,0.7511500074742179
142.75038766860962,0.7349582677525632,0.7749582677525633
143.00023221969604,0.7363297960011461,0.7763297960011462
143.2500183582306,0.7192016153980136,0.7592016153980137
143.49890995025635,0.7062650398388712,0.7462650398388713
143.74955654144287,0.7207264477665924,0.7607264477665925
144.0002682209015,0.7346418182282022,0.7746418182282022
144.25064635276794,0.7361686910301339,0.776168691030134
144.4991114139557,0.7138191858215028,0.7538191858215029
144.75037574768066,0.6808602670968018,0.7208602670968018
145.00026059150696,0.658410481261978,0.698410481261978
145.2503204345703,0.6543654191892492,0.6943654191892492
145.5002498626709,0.6464746770097778,0.6864746770097778
145.75031852722168,0.6269907411077409,0.6669907411077409
145.99965119361877,0.5868332485262469,0.6268332485262469
146.25061964988708,0.5397994792057101,0.5797994792057102
146.50037693977356,0.5118325233946248,0.5518325233946249
146.75023555755615,0.48811163912108335,0.5281116391210834
146.99987888336182,0.4639685482795808,0.5039685482795808
147.24991917610168,0.42742531682692797,0.467425316826928
147.5000581741333,0.3778072129115595,0.41780721291155953
147.7501847743988,0.33001142529072136,0.3700114252907214
148.00029182434082,0.28908708564001984,0.32908708564001987
148.25033521652222,0.2577309118404154,0.29773091184041545
148.50020384788513,0.2289201743715965,0.26892017437159654
148.75015258789062,0.19132369964043328,0.2313236996404333
149.00015377998352,0.14666387284554983,0.18666387284554986
149.25038599967957,0.11084441340554685,0.15084441340554688
149.50032711029053,0.08612005696287284,0.12612005696287287
149.75034928321838,0.07055866438816838,0.11055866438816842
150.00035309791565,0.05069376100566303,0.09069376100566306
150.25013661384583,0.02112888680918612,0.061128886809186156
150.50024437904358,-0.003256756743563516,0.03674324325643652
150.7504460811615,-0.016029470654851385,0.02397052934514865
151.00006651878357,-0.017580973089987628,0.022419026910012407
151.25016808509827,-0.016311415631589554,0.02368858436841048
151.50019907951355,-0.02070941984964958,0.019290580150350456
151.7503101825714,-0.027929995022767162,0.012070004977232873
152.00027108192444,-0.035586931963902835,0.004413068036097201
152.25083541870117,-0.027515461790771578,0.012484538209228457
152.50023293495178,-0.01516354005261289,0.024836459947387146
152.75018310546875,-0.006374938186387569,0.03362506181361247
153.0002098083496,-2.2169658880022425e-05,0.03997783034112001
153.25019788742065,0.0012059097350227699,0.041205909735022805
153.50025010108948,6.306614428019941e-05,0.040063066144280235
153.75023078918457,-0.03973954678697056,0.00026045321302947677
153.99998021125793,-0.07320048830801862,-0.03320048830801858
154.24994373321533,-0.07981912819934611,-0.03981912819934608
154.5002157688141,-0.06594759068876699,-0.025947590688766953
154.74880599975586,-0.06754405531213825,-0.027544055312138216
155.00016570091248,-0.0980075327000649,-0.05800753270006487
155.25032997131348,-0.15713442938849354,-0.1171344293884935
155.50017476081848,-0.20529488554714614,-0.1652948855471461
155.74910402297974,-0.23086103446769046,-0.19086103446769043
156.000319480896,-0.23881998538413707,-0.19881998538413703
156.24980926513672,-0.26185211687914545,-0.2218521168791454
156.50023341178894,-0.312516695869542,-0.27251669586954197
156.7504324913025,-0.3695857241847742,-0.32958572418477416
157.00051522254944,-0.4188370675548845,-0.37883706755488444
157.25004935264587,-0.45802148940824416,-0.41802148940824413
157.50039172172546,-0.5019239433874396,-0.4619239433874396
157.75058150291443,-0.5501536244170114,-0.5101536244170114
158.00046801567078,-0.6076538482068932,-0.5676538482068931
158.25014781951904,-0.5844525724853321,-0.5444525724853321
158.49983143806458,-0.5536655342131733,-0.5136655342131733
158.7502157688141,-0.513518626271515,-0.473518626271515
159.00018572807312,-0.4815661502854144,-0.44156615028541435
159.2502133846283,-0.45356541188413224,-0.4135654118841322
159.5002772808075,-0.4280257807751231,-0.38802578077512306
159.75095963478088,-0.4054926544310773,-0.36549265443107726
160.00016713142395,-0.3821989594911943,-0.3421989594911943
160.25026297569275,-0.35374800786200655,-0.3137480078620065
160.50020170211792,-0.32178172584690645,-0.2817817258469064
160.7500684261322,-0.29115919090830067,-0.25115919090830063
161.00022268295288,-0.2693633491567453,-0.22936334915674528
161.25028491020203,-0.2580690308781035,-0.21806903087810348
161.50026988983154,-0.23881584812001821,-0.19881584812001818
161.75017428398132,-0.2124568790845316,-0.17245687908453156
162.00032711029053,-0.1654779390823793,-0.12547793908237925
162.25015115737915,-0.12370207757289653,-0.0837020775728965
162.50021409988403,-0.0840094407836367,-0.044009440783636666
162.75017380714417,-0.03691742669646181,0.0030825733035382274
163.00012397766113,-0.03691742669646181,0.0030825733035382274
163.25044512748718,-0.03691742669646181,0.0030825733035382274
163.50041365623474,-0.03691742669646181,0.0030825733035382274
163.75042271614075,-0.03691742669646181,0.0030825733035382274
164.0001392364502,-0.03691742669646181,0.0030825733035382274
164.25011324882507,-0.03691742669646181,0.0030825733035382274
164.50018453598022,-0.03691742669646181,0.0030825733035382274
164.7502143383026,-0.03691742669646181,0.0030825733035382274
164.99944758415222,-0.03691742669646181,0.0030825733035382274
165.2501609325409,-0.03691742669646181,0.0030825733035382274
165.50040578842163,-0.03691742669646181,0.0030825733035382274
165.74999904632568,-0.03691742669646181,0.0030825733035382274
165.99891448020935,-4.1772468998946266e-05,0.03995822753100109
166.24988627433777,0.002770895238651594,0.04277089523865163
166.50062203407288,-0.013291911020449243,0.026708088979550793
166.75077080726624,-0.01897265300668005,0.021027346993319984
167.00024127960205,-0.008260332986664398,0.03173966701333564
167.25029921531677,-0.004556486744509591,0.035443513255490444
167.50015234947205,-0.026086169542381965,0.01391383045761807
167.75020360946655,-0.054310261854433106,-0.01431026185443307
